"average_packet_size","label"
4.630614495337868,PortScan
11.639572804319052,FTP-Patator
45.17970752697548,SSH-Patator
55.72239229074129,DoS slowloris
126.8722472967632,BENIGN
166.31971053722222,Infiltration
180.29680338785855,DoS Slowhttptest
541.9496847271619,DoS GoldenEye
640.0074778552394,DoS Hulk
822.6120019404717,DDoS
1627.0518899999997,Heartbleed
