"average_packet_size","label"
4.63061449533786,PortScan
11.639572804320258,FTP-Patator
45.17970752697859,SSH-Patator
55.722392290740586,DoS slowloris
126.87224729675467,BENIGN
166.31971053722222,Infiltration
180.2968033878584,DoS Slowhttptest
541.9496847271646,DoS GoldenEye
640.0074778552665,DoS Hulk
822.6120019400946,DDoS
1627.0518900000002,Heartbleed
