label,Average
BENIGN,333.76516523191987
FTP-Patator,12.323568564777954
SSH-Patator,85.13873716772594
DDoS,1060.5545359319015
PortScan,427.33158475194114
Infiltration,170.81455940971424
DoS slowloris,121.77193583092223
DoS Slowhttptest,200.97909680174763
DoS Hulk,942.4918157521768
DoS GoldenEye,749.3500640332136
Heartbleed,1627.05189